gene,p_val,avg_log2FC,pct.1,pct.2,p_val_adj,mlog10p
MT-ATP6,1.1995190585772131e-42,0.9368165377319304,0.991,0.916,2.388482349438947e-38,41.9209928473467
RPL39,3.7614025288852715e-40,-0.6979234414681255,0.988,0.997,7.489704715516352e-36,39.42465018779023
KLRC1,3.804267597479843e-36,1.7851503738594316,0.56,0.15,7.575057640101863e-32,35.419728941781585
GNLY,2.2547057799518385e-34,1.4313444793062384,0.896,0.644,4.4895701490401006e-30,33.64691012184811
CRIP1,3.668260396939096e-27,-0.8850606526120601,0.837,0.908,7.304240102385128e-23,26.435539842865765
IL32,1.1201828222170824e-26,1.2681177458185149,0.693,0.393,2.2305080355986546e-22,25.950711091436546
LAIR2,1.5745080945558682e-23,-1.0349281702116582,0.296,0.617,3.1351605178796447e-19,22.802855102311078
TIGIT,2.923290021249669e-23,0.9205076729797184,0.839,0.546,5.82085509031234e-19,22.534128095904915
RPS28,4.847221722323384e-23,-0.478550308321009,0.995,1,9.651787893490322e-19,22.31450711426131
MT-CYB,6.855199815002106e-23,0.6819426705775316,0.96,0.884,1.3650073871632193e-18,22.163979881897358
CD63,1.99460535769016e-21,0.7236542037100699,0.927,0.715,3.9716581882326466e-17,20.700143018739958
RPS26,4.3897252322107585e-21,-0.45182892154679877,0.974,0.989,8.740820882378062e-17,20.3575626628716
GZMB,6.112607907523073e-20,0.9281570501387137,0.87,0.67,1.2171424865459945e-15,19.21377346108253
SAMSN1,1.8994470998835605e-19,0.6871012730075363,0.861,0.596,3.782179065288145e-15,18.72137279715984
RPL12,3.2698632430005034e-19,-0.4375512059032234,0.991,0.987,6.510951689462602e-15,18.48547041065844
RGS1,7.588437243657852e-19,0.7547059484828407,0.839,0.586,1.5110096239571516e-14,18.11984765313433
CYBA,9.624005239667313e-19,0.6760718095808556,0.889,0.697,1.9163319233225552e-14,18.01664414922204
XCL1,1.784230077267855e-18,-1.1161234614793423,0.4,0.675,3.552758929855753e-14,17.748549143880794
RPL36,2.845911612642194e-18,-0.4324828592541934,0.983,0.982,5.666779203093137e-14,17.545778592213033
KLRD1,4.185068374666715e-17,0.8030466537679246,0.574,0.272,8.333308147636362e-13,16.378297442211252
RPS24,5.984219520629585e-17,-0.37497927551315957,0.991,0.995,1.1915777909477631e-12,16.222992483517686
TMSB4X,8.330015212661445e-17,0.3490017686690168,0.998,0.995,1.658672629145147e-12,16.079354205463694
CD52,8.439305361385485e-17,0.6134676516676243,0.891,0.704,1.6804344835590778e-12,16.073693298650696
STAT4,2.534542484489555e-16,0.8688094827341,0.738,0.488,5.046780995115602e-12,15.596100424651768
SYTL3,8.329807379594566e-16,0.6458808176073014,0.775,0.536,1.65863124542487e-11,15.079365041203824
VIM,2.0527890754220257e-15,0.44746888655318706,0.979,0.95,4.0875136069803376e-11,14.687655672200906
CEBPB,3.682913331959131e-15,0.7975135455307067,0.378,0.124,7.333417026597022e-11,14.433808501045922
RPS15A,5.958194155361711e-15,-0.3382799481547263,0.998,0.995,1.1863956202156238e-10,14.224885348850353
CCL5,7.653120380029596e-15,0.5967139486834547,0.991,0.945,1.523889330071493e-10,14.1161614553663
ITGAE,8.43039385965783e-15,0.6985936641178112,0.645,0.38,1.6786600253350672e-10,14.074152135092897
CTSD,1.1078816279109935e-14,0.7542679051497061,0.551,0.285,2.2060138974963702e-10,13.955506639509522
RPL41,1.2005298023280961e-14,-0.3512640397705784,0.995,1,2.390494942395705e-10,13.920627054410796
RPL10,1.563210515147712e-14,-0.3387202433339729,0.995,0.992,3.1126647777621243e-10,13.805982532274696
RPS27,3.2780654916544514e-14,-0.3226332304744668,0.993,0.995,6.527284006982343e-10,13.484382374017498
PDE7B,4.36211145832183e-14,0.7740909095313024,0.669,0.393,8.685836335810428e-10,13.360303241756927
MIF,1.0168472347102761e-13,-0.7480418631170391,0.461,0.646,2.0247462137551017e-9,12.992744288085868
CD74,1.0834349806274296e-13,-0.6679243114504381,0.844,0.897,2.157335733425338e-9,12.96519714655183
CXCR4,1.5575390390660813e-13,0.6812105109301854,0.73,0.533,3.1013717345883813e-9,12.807561059122406
RBPJ,1.805670247911207e-13,-0.4339063984025322,0.898,0.955,3.595450597640795e-9,12.743361557781233
XYLT1,2.010969717711721e-13,0.7693800801872113,0.454,0.211,4.004242901907579e-9,12.69659446919924
CTSA,2.551256256105503e-13,0.6643341172712101,0.262,0.069,5.080061457157278e-9,12.593245917312123
RPLP1,3.1083917977676406e-13,-0.2840983795912102,0.998,1,6.189429747714926e-9,12.50746424569982
ANKRD28,4.1133043029734125e-13,-0.7281603746914773,0.459,0.654,8.190411528080659e-9,12.3858091601204
MT-ND4,5.60664864428784e-13,0.4168424150292491,0.983,0.955,1.1163958780505947e-8,12.251296659280168
RNF125,1.809102267009893e-12,0.7301645052606203,0.466,0.214,3.602284434070099e-8,11.74253688214919
SCML4,1.996172504481419e-12,0.6452037683241382,0.253,0.063,3.974778690923402e-8,11.69980193073042
RPL18,3.3143742343146112e-12,-0.3198777902486709,0.986,0.987,6.599581975367254e-8,11.479598455867885
HPGD,5.06795729630821e-12,0.616906813249466,0.537,0.282,1.0091316568408907e-07,11.295167053231342
CMIP,5.099484046240687e-12,0.7708549310224493,0.622,0.398,1.0154092632874456e-7,11.292473762569895
TMSB10,6.252177068673862e-12,-0.3629746289348281,1,0.997,1.2449334979143394e-7,11.20396873077137
TNFAIP3,1.2404971416135763e-11,0.5101718316822215,0.913,0.744,2.4700779083809534e-7,10.906404232103487
G3BP2,1.3791897866543769e-11,0.7095108232934433,0.459,0.237,2.7462427031861953e-7,10.8603759675983
HLA-DRB1,1.6264685069012474e-11,-0.5636092372170083,0.931,0.937,3.238624090941764e-7,10.788754341488442
MT2A,1.96482070779946e-11,-0.8016854647626062,0.877,0.905,3.9123509933702844e-7,10.706677073362803
PRDX1,2.2600161140990154e-11,-0.5959816198556762,0.648,0.747,4.5001440863939594e-7,10.645888464286521
RPS15,2.8295556244073106e-11,-0.3093061873194438,0.995,1,5.634211159319837e-7,10.548281764129888
IL2RB,3.0043110103189566e-11,0.5893453397224224,0.518,0.28,5.982184083747107e-7,10.522255110591377
PFKFB3,3.530641370510481e-11,0.6136770894238421,0.277,0.09,7.03021309696047e-7,10.45214639422347
CRTAM,4.257287004995352e-11,-0.7403650993910906,0.293,0.496,8.477109884346744e-7,10.37086707087426
FOSL2,4.476596516968965e-11,0.5589539160090289,0.539,0.282,8.913798984588603e-7,10.349052047530915
SH3BGRL3,6.896772023509932e-11,0.386951119330341,0.983,0.963,1.3732852453212976e-6,10.161354129610308
MYL12B,1.3831844041420534e-10,0.447238302252877,0.898,0.773,2.7541967855276565e-6,9.859119916519292
TNFSF10,2.653873111556836e-10,0.5485657282871415,0.492,0.259,5.284392139731972e-6,9.576119845702204
XCL2,2.791742557578053e-10,-1.04473926579412,0.392,0.565,5.558917780649419e-6,9.554124632960848
ENTPD1,3.7545292768359857e-10,0.6539409004362182,0.667,0.459,7.476018696035814e-6,9.425444504808263
RPS12,4.024240647475532e-10,-0.2923674309141049,0.998,0.992,8.01306797725328e-6,9.395316056593837
KLRC2,4.330851110513609e-10,0.5567226155535624,0.194,0.047,8.623590731254698e-6,9.363426746538881
SLA2,4.725450178808105e-10,0.4990842464794044,0.336,0.137,9.409316396042698e-6,9.32555681131152
MT-CO1,5.095248856299815e-10,0.31854413725469577,1,0.984,1.0145659522664192e-5,9.292834599826648
SRGAP3,5.613553704259103e-10,0.5379865901454297,0.366,0.161,1.1177708135920726e-5,9.250762118150131
CDC42,5.626011151031186e-10,-0.44444637146883004,0.806,0.86,1.1202513403933298e-5,9.249799411376912
LCK,6.341866454360336e-10,0.5243179001735809,0.496,0.277,1.26279244839223e-5,9.197782907491055
CCL1,7.017624060176695e-10,-1.2803014720850459,0.13,0.303,1.3973493028623835e-5,9.153809901005754
DDIT4,7.198956589156567e-10,0.6572174560403428,0.407,0.203,1.4334562360328555e-5,9.142730445292273
NELL2,7.273629290683698e-10,0.6405564284804213,0.291,0.111,1.448325064360938e-5,9.138248837060946
GEM,8.526508980213498e-10,-0.8134765105759565,0.317,0.488,1.6977984681401118e-5,9.069228746202093
RORA,1.226588243472556e-9,0.5481366781485042,0.388,0.182,2.4423825104025532e-5,8.911301202227577
DUSP4,1.2422880289398104e-9,0.4642115097937971,0.868,0.752,2.4736439232249505e-5,8.90577769974973
SKI,1.2464215843341745e-9,0.5530311828000359,0.355,0.156,2.481874658726208e-5,8.90433503891087
ARHGEF6,1.3795853164894236e-9,0.4759720479379611,0.314,0.127,2.7470302821937403e-5,8.860251436660079
PTPN4,1.437299709148723e-9,0.4434992838511712,0.395,0.187,2.861951180856937e-5,8.842452662305806
GZMA,1.7363566096307445e-9,0.47187523935218323,0.87,0.715,3.457433281096738e-5,8.760361075421097
CSF1,2.0133005091111875e-9,0.7231221098537871,0.314,0.129,4.0088839737421966e-5,8.696091396642284
DNPH1,2.111835076948744e-9,-0.5830558105001289,0.489,0.633,4.205086005220339e-5,8.675340000895705
HOPX,2.807003313984057e-9,0.5024150835187307,0.887,0.749,5.5893049988050546e-05,8.551757074631631
CKLF,3.0239458132105475e-9,0.48563114119433015,0.783,0.565,6.021280903264842e-5,8.519425995325095
CARD11,3.0982751267123647e-9,0.4038846138257022,0.274,0.1,6.16928543230966e-5,8.508880019531084
PITPNC1,3.2683615283631097e-9,0.5493234064146922,0.421,0.216,6.507961475276623e-5,8.48566991019071
CCND2,3.565987499187178e-9,0.555446534589549,0.764,0.58,7.100594308381509e-5,8.447820183606975
BTG1,3.796944305051767e-9,0.5007699807898542,0.837,0.673,7.560475500219079e-5,8.420565773201547
DOCK5,4.4096308543387195e-9,0.4639728357345555,0.236,0.079,8.780456957159258e-5,8.355597765324433
RPS7,4.502720664906815e-9,-0.25997345769141056,0.991,0.987,8.96581738796245e-5,8.346524994509965
RPS18,4.565392771046127e-9,-0.26647421370730573,0.995,1,9.090610085707048e-5,8.340521853187699
ZNF683,4.922831605105804e-9,0.5402939316886026,0.3,0.119,9.802342292086678e-5,8.307785019848643
RPS21,4.985668121087248e-9,-0.3058033444500339,0.981,0.982,9.9274623627089285e-05,8.302276634371674
TNFRSF4,5.674086866680285e-9,-0.6939212460351634,0.168,0.338,1.1298241768933784e-4,8.246104019715505
GZMM,5.874622255914766e-9,0.48411532320064055,0.232,0.077,1.1697547835977482e-4,8.231020053727892
CA2,6.4284090877072775e-9,0.3263290009250307,0.085,0,1.280024817544273e-4,8.19189649362607
PLPP1,7.011521031835471e-9,0.7485408895995787,0.686,0.536,1.396134067859079e-4,8.154187758912464
MGAT5,8.50450714763817e-9,0.4904556990395567,0.236,0.082,1.6934174632377122e-4,8.070350849513272
RPS8,8.546847970963881e-9,-0.3212326515882413,0.979,0.971,1.701848367978328e-4,8.068194021085754
MT-CO3,8.830884960655243e-9,0.33549409894496574,0.962,0.926,1.758405813365672e-4,8.053995772722407
PON3,8.973766078351154e-9,-0.5780892541113504,0.064,0.195,1.786856301521282e-4,8.047025255530087
RPL8,9.716543628648924e-9,-0.2970089901259385,0.983,0.976,1.9347581673365738e-4,8.012488194945776
TGFBR3,9.992407661279194e-9,0.5532905673168864,0.449,0.245,1.9896882135139133e-4,8.000329856316014
JUN,1.5478105698306666e-8,0.44437759210046623,0.896,0.818,3.0820004066468235e-4,7.810282191916235
RPS4X,1.554395182653711e-8,-0.26949624808392425,0.979,0.989,3.095111687700069e-4,7.808438558361795
CD48,1.5593700776135956e-8,0.5653814658130749,0.243,0.095,3.105017698544192e-4,7.807050803610265
CAMK2N1,2.123041178045839e-8,-0.650878774928983,0.047,0.166,4.227399593724874e-4,7.673041582270812
ZFP36L2,2.284326491302899e-8,0.5022960883538032,0.813,0.665,4.5485509094823326e-4,7.641241823702142
ACSL4,2.479458386006781e-8,-0.5945471194651646,0.338,0.499,4.937097538216702e-4,7.605643176293737
CD82,2.508082822919713e-8,-0.579210068887857,0.371,0.525,4.994094516997732e-4,7.6006581261574695
COX17,2.5757785654131512e-8,-0.5008421946231418,0.596,0.686,5.128890279450667e-4,7.589091475144808
RPL34,2.604463339218661e-8,-0.30283474065817284,0.986,0.989,5.186007401052198e-4,7.584281751376646
EEF1A1,2.6644645042163355e-8,-0.268837952827524,0.991,0.992,5.305481720795567e-4,7.574390061020989
EVL,2.6906829522840585e-8,0.3961551469211875,0.695,0.488,5.357687894588018e-4,7.570137472873726
LRRN3,3.1205147719756563e-8,0.510779533892884,0.246,0.095,6.213569013957927e-4,7.505773757203486
SYTL2,3.2262250603945193e-8,0.37021458747577685,0.329,0.145,6.424059340257567e-4,7.49130533965068
TPT1,3.4420792454978593e-8,0.291216131993294,0.993,0.958,6.853868193635338e-4,7.463179135319829
GPX4,3.560715345551682e-8,-0.47343064982344263,0.622,0.723,7.090096396062509e-4,7.448462743763954
RPS27A,4.0411996608102843e-08,-0.25301347812791786,0.998,0.997,8.046836764605438e-4,7.393489692134419
OXNAD1,4.087554193064756e-8,0.45356622253846646,0.4,0.203,8.139137909230541e-4,7.388536476388426
ATP5MC1,4.206649376147442e-8,-0.601702422570928,0.511,0.609,8.376280237784787e-4,7.3760636848810845
LAYN,4.230898952021271e-8,0.4600299194939099,0.426,0.24,8.424565993264754e-4,7.373567346945618
TBC1D10C,4.2637239533717366e-8,0.3723221262541384,0.362,0.172,8.489927135953802e-4,7.370210920634439
ARPC2,4.392962563131644e-8,0.34476803153352265,0.91,0.81,8.74726705570773e-4,7.357242497780576
UBC,5.799166136086151e-8,0.3102771030609026,0.96,0.9,0.0011547299610174743,7.236634449287319
CD27,7.064676994086133e-8,-0.5814390017852161,0.04,0.148,0.001406718483062431,7.150907689851211
SUSD6,7.261928795299057e-8,0.56857396956471,0.392,0.208,0.0014459952617199483,7.1389480137487
GK,7.421519477981916e-8,-0.7428735567004472,0.348,0.501,0.001477772958455759,7.12950716839423
RPL35,8.297006446365017e-8,-0.32092358647345254,0.965,0.987,0.0016520999236002021,7.081078572483129
RGCC,8.986078349522127e-8,-0.4208801300265468,0.764,0.868,0.001789307920956846,7.046429799117489
CREM,1.0112026887983992e-7,0.34469564971946554,0.896,0.794,0.0020135067939353727,6.99516178426664
CD86,1.1825115822245966e-7,0.5371793100770207,0.303,0.142,0.002354617062525617,6.927194596829816
PHYKPL,1.2466022968373965e-7,0.41957423972284213,0.272,0.119,0.002482234493462624,6.904272077265223
CD3D,1.2858676135563625e-7,0.2801507770426319,0.962,0.91,0.002560419592113429,6.890803741879551
TNFSF12,1.3929252294756325e-7,0.43989453711124243,0.196,0.069,0.0027735927169318794,6.8560721953475126
CEMIP2,1.4683125358381928e-7,0.6604775494331501,0.608,0.43,0.0029237039213610093,6.833181493368651
GRIK4,1.5657849234907734e-7,-0.5831940338011746,0.052,0.164,0.003117790939654828,6.8052678929524175
RGL4,1.5779330790731852e-7,0.3334413078035139,0.113,0.018,0.0031419803470505263,6.801911419381052
EML4,1.5841902812221103e-7,0.3465126260237421,0.617,0.409,0.003154439687969466,6.800192655371755
MYL12A,1.612802364497495e-7,0.3975292102664505,0.898,0.813,0.0032114120681874117,6.792418848523593
CXCL13,1.6159960689104117e-7,-1.098673505675235,0.184,0.338,0.0032177713724144117,6.791559700029621
RPL24,1.6398176290683702e-7,-0.2727646562048065,0.965,0.989,0.003265204863000939,6.785204448960432
IL1RN,1.7100600504010498e-7,-0.5687439510759131,0.054,0.166,0.0034050715723585702,6.766988638672231
ITGA1,1.7566929443367874e-7,0.45068511271617395,0.461,0.266,0.003497926990763411,6.755304143020337
HNRNPH1,1.773230070302153e-7,-0.4872187872805478,0.634,0.731,0.0035308557159856474,6.751234912577099
MT-ND1,1.977366704925695e-7,0.4087667702485729,0.759,0.602,0.003937332582848044,6.703912782806954
RPL18A,1.9790506992555873e-7,-0.27202925843074954,0.993,0.976,0.003940685752357726,6.703543079909368
ARPC3,2.0590534518628994e-7,0.3381891017696139,0.882,0.747,0.004099987233349405,6.686332379196542
AFAP1L2,2.3483698792839063e-7,0.4473081645601451,0.343,0.177,0.004676074103630115,6.6292334986165855
ATP10D,2.433325291601818e-7,0.4010624316749771,0.319,0.15,0.00484523732063754,6.613799829867176
RNF166,2.581266863057029e-7,0.3165557178941373,0.18,0.055,0.005139818577719156,6.588167093804873
SLFN12L,2.869074014823042e-7,0.4314836854882136,0.364,0.19,0.005712900178315641,6.542258247914823
PPIA,3.123458496757813e-7,-0.3072869649451082,0.957,0.958,0.0062194305587441575,6.505364260407511
TSTA3,3.1515799862225075e-7,0.37975797238524045,0.298,0.14,0.006275426068566257,6.501471666125469
FABP5,3.306736928513207e-7,-0.6114928120984198,0.712,0.76,0.006584374572055498,6.480600354538855
CTSC,3.602905081978387e-7,0.48772739664744025,0.525,0.343,0.007174104599235363,6.443347179153039
HCST,4.1452674898453705e-7,0.33893994152515594,0.908,0.815,0.008254056625780102,6.38244743963347
METTL5,4.382676804728605e-7,0.34466555753240924,0.26,0.113,0.008726786053575599,6.3582605546935715
TSEN54,4.783065758075835e-7,0.4117274678303622,0.227,0.092,0.009524040537480603,6.320293648362164
LAT2,4.906083059550722e-7,0.38352644002243647,0.213,0.082,0.009768992588177396,6.309265103500364
RALGAPA1,6.804667232103315e-7,0.32855498516958503,0.693,0.52,0.013549453392564121,6.16719310819686
SRSF7,7.024153525671239e-7,0.36494205129680113,0.804,0.691,0.01398649450031657,6.153406004701158
HNRNPF,7.029535169014063e-7,0.3431143486229564,0.598,0.388,0.013997210428540803,6.153073391937011
IL2RA,9.092210024991643e-7,0.5847864445404447,0.217,0.095,0.01810440860176336,6.041330540870358
IFITM2,9.579256143115628e-7,0.49947471652239717,0.567,0.385,0.019074214832171837,6.018668213831986
IL4R,9.896039908953408e-7,0.3807424314123148,0.317,0.161,0.019704994666708026,6.004538561943679
HLA-DRA,9.956279208008943e-7,-0.5127459219483379,0.778,0.792,0.019824943158987408,6.0019029327949305
GZMH,1.0018717569482084e-6,0.5928693586037741,0.31,0.156,0.019949270424352725,5.999187866107671
WHRN,1.0228800394168873e-6,-0.5082850804501751,0.388,0.533,0.02036758734486906,5.990175296174586
MYO1E,1.1374658480144778e-6,0.5003355444132089,0.629,0.441,0.022649219965664283,5.944061634004053
WDFY2,1.256828288275414e-6,0.3998253177019596,0.357,0.19,0.025025964876140044,5.900724052901521
CORO1A,1.5266070706487446e-6,0.3390208075926515,0.877,0.778,0.030397799990757802,5.81627273046705
ST13,1.561506954640787e-6,-0.5096761816365105,0.34,0.472,0.03109272648080735,5.806456077168402
TIE1,1.5704978543764067e-6,-0.5444239148913304,0.092,0.208,0.03127175327634301,5.803962652600799
CXCR6,1.7087870443847533e-6,0.41548244862233263,0.121,0.029,0.03402536762778921,5.767312057356091
ICOS,1.8152038544553473e-6,0.5310642099324598,0.508,0.343,0.03614433914991488,5.741074594928921
ZNF282,1.9285926670879024e-6,0.39300298690959723,0.253,0.116,0.03840213718705431,5.714759488849766
FLOT1,2.1038806539508736e-6,0.3312118796379939,0.229,0.1,0.041892471581469796,5.676978899879826
GABARAPL1,2.1240712206805638e-6,0.4315806735179018,0.22,0.095,0.04229450614619139,5.672830925335388
CDKN2A,2.1719129412199767e-6,0.2884007274353021,0.147,0.045,0.043247130485572174,5.663157586958662
ATP2A3,2.302090906330928e-6,0.3432060522445418,0.168,0.058,0.04583923412686144,5.637877530689557
DGKH,2.3300355979601737e-6,-0.5485336168864743,0.383,0.496,0.04639566882658298,5.632637443832534
CD96,2.4339527968517706e-6,0.3822879590515762,0.79,0.644,0.04846486809091246,5.613687848565111
RPL38,2.7974942228614036e-6,-0.3929400869652424,0.747,0.778,0.05570370496561627,5.553230801665387
AOAH,2.971787115150367e-6,0.4735110727733555,0.135,0.04,0.059174225036874105,5.52698230461096
STK17A,3.0503563812330176e-6,0.3738555856690564,0.435,0.264,0.06073869626311185,5.515649417911821
TBL1X,3.052443262262923e-6,0.4017475731233118,0.357,0.195,0.060780250238179324,5.51535239982047
PDE4A,3.1166882470066687e-6,0.33957271603839073,0.144,0.045,0.06205949637439679,5.506306636727316
HLA-DPA1,3.1831019875314837e-6,-0.486740823974936,0.761,0.797,0.0633819267757269,5.497149446232102
ADAM19,3.2755729864905723e-6,0.433014194508906,0.243,0.113,0.06522320930700028,5.484712719151607
KIAA1324,3.2913198252340394e-6,-0.62096828725628,0.177,0.309,0.06553676036006019,5.482629914246021
H3F3A,3.406536900821459e-6,0.3255913405503308,0.875,0.81,0.06783096276915689,5.467686902266537
TENT5C,3.534872836270917e-6,0.3752678826660386,0.248,0.113,0.0703863879158265,5.4516262049220146
NCS1,3.695172169554887e-6,0.42668681436789246,0.253,0.121,0.07357826824017691,5.43236532166816
ETS2,3.779407238735837e-6,0.33251627554894575,0.161,0.055,0.07525555693770798,5.422576309457197
CAVIN3,3.9853353195144655e-6,-0.6351054259426911,0.121,0.237,0.07935599688217204,5.399535131911982
IKZF3,4.304339142053587e-6,0.4063362508015482,0.622,0.467,0.08570800099657103,5.366093517611217
CALM1,4.598452326907491e-6,0.3081932118712789,0.929,0.871,0.09156438273338197,5.337388311575209
NKG7,4.719767551132495e-6,0.29584330841729667,0.972,0.879,0.09398001147815024,5.326079389871499
PYCARD,5.4320416273220455e-6,0.3345181323070159,0.504,0.33,0.10816281288323656,5.265036910589302
GNPTAB,5.447392394982761e-6,0.42711542885736264,0.409,0.251,0.10846847736889674,5.2638113398291635
CD3G,5.577441259333447e-6,0.27545657876775254,0.742,0.541,0.1110580103558476,5.253564994935955
SLC9A3R1,5.8232084272351505e-6,0.3109240310292633,0.222,0.1,0.11595172620310631,5.234837665124992
ITM2C,6.222985166724418e-6,0.4411175937278894,0.291,0.153,0.12391208063981662,5.2060012342103565
STK17B,6.606585216594367e-6,0.3965154016922736,0.761,0.628,0.13155032483282705,5.18002295878862
S1PR4,6.6706539657456026e-6,0.41281587275024245,0.258,0.127,0.13282606176592643,5.175831587403931
IRF1,6.937958719467511e-6,0.35230522614531945,0.352,0.198,0.1381486340220371,5.1587682885182895
RPS25,7.237355319633795e-6,-0.2570254126413656,0.955,0.958,0.14411021912454813,5.140420105062466
RPL37,7.420735469258303e-6,-0.2793398489434429,0.976,0.971,0.14776168466387132,5.129553049652025
ABHD17A,7.955337296807058e-6,0.39676361498173485,0.369,0.219,0.15840667625402213,5.099341402059309
ABCG1,7.961402111935482e-6,0.3827591821252336,0.106,0.026,0.15852743885285933,5.0990104403209955
PRDM8,8.278303361597198e-6,-0.3545122458861846,0.043,0.129,0.1648375765361234,5.082058662756028
ANTXR2,8.626665094246077e-6,-0.5133863032980575,0.243,0.372,0.17177415535662788,5.064157061883778
PON2,8.720904321527948e-6,-0.5837390704158989,0.253,0.377,0.1736506468502645,5.059438478199784
GTSF1,8.927887710908472e-6,0.2812107370034779,0.125,0.037,0.1777721000996095,5.049251280642104
RALA,9.32704926396488e-6,0.36344731403341113,0.742,0.578,0.18572020494406868,5.030255729357913
SHISA5,9.92203591782071e-6,0.333177276615462,0.161,0.061,0.197567579195646,5.003399205148744
TRIM22,1.0526965922635268e-5,0.35839722377671485,0.173,0.069,0.20961294545151346,4.977696782938914
AP3B1,1.0551935591902116e-5,0.33398430485654984,0.409,0.245,0.21011014150595494,4.976667868349378
FKBP11,1.0885519297703332e-5,0.3419725878466728,0.168,0.066,0.21675246025586875,4.963150847950633
FARS2,1.1091251655246647e-5,0.3812060426989391,0.274,0.142,0.22084900295927123,4.955019440659349
CCL23,1.1161330227797744e-5,0.4050119677822131,0.118,0.034,0.22224440749590868,4.952284042301257
NEDD9,1.1252838359925532e-5,0.41494591389085245,0.534,0.372,0.22406651742283717,4.9487379194568675
ASXL2,1.2151800957224904e-5,0.37040673243521316,0.496,0.332,0.2419666606602623,4.915359352697512
PDE3B,1.3249848708738216e-5,0.30461812167063096,0.849,0.749,0.26383098748839534,4.877789080620402
POLR1E,1.3255320525036191e-5,0.4678015695762108,0.21,0.1,0.2639399422945206,4.877609766190299
MATK,1.3341177338217997e-5,0.3379379044124819,0.095,0.021,0.26564952315859675,4.874805842913509
RARRES3,1.3368461649136446e-5,0.4515967493369193,0.423,0.266,0.2661928083576049,4.873918565492677
MX1,1.3639524520321824e-5,0.4223849654332644,0.109,0.029,0.27159021224864816,4.865200769107674
RBM10,1.541575753778214e-5,0.29264080061356984,0.163,0.063,0.306958564092318,4.8120351289721786
RPL27,1.5649906141145414e-5,-0.2869423770904702,0.924,0.905,0.31162093108248745,4.805488262750431
PDCD4,1.5817935761557405e-5,-0.4404715167037754,0.435,0.565,0.314966736884131,4.800850192510792
KLF7,1.7226306976757796e-5,-0.4755329268550197,0.092,0.195,0.3430102245212012,4.7638078178232
EIF2AK3,1.8070433332956067e-5,-0.6087046793611576,0.22,0.327,0.3598184685258212,4.743031432837233
TXK,1.831156677387373e-5,0.25644803575101577,0.054,0.003,0.3646199176013737,4.737274495013597
SIRPG,1.8533562812012764e-5,0.33023386007324973,0.272,0.14,0.36904030271279814,4.732041085761318
CASP1,2.0246573698816225e-5,0.3443258405782664,0.215,0.103,0.4031497754908287,4.693648461318374
MPC1,2.028346131302424e-5,0.2800147099034028,0.191,0.082,0.40388428166493867,4.692857931938383
PTPRJ,2.030834721039961e-5,0.42329840395937834,0.757,0.639,0.4043798096534771,4.692325420101411
CCL22,2.0426494194160194e-5,-0.6705996221850549,0.064,0.153,0.4067323523941178,4.689806165074916
ARFGEF2,2.0721999796483196e-5,-0.5276336123316401,0.17,0.28,0.4126164599475734,4.6835683348984025
RAB3GAP1,2.2843811572004842e-5,0.48485657570965546,0.426,0.28,0.45486597602176043,4.641231430786028
ATP5IF1,2.296017937975715e-5,-0.36658268045856524,0.66,0.718,0.45718309180972433,4.639024723271696
PIK3R1,2.3138267281952902e-5,0.46893971735326634,0.433,0.288,0.4607291781182462,4.6356691664759655
PLEKHA2,2.3160695113402417e-5,0.2690203973605465,0.61,0.409,0.46117576109806896,4.635248410428852
SLC7A5,2.33418790168521e-5,0.37597493461617226,0.591,0.422,0.46478349498355903,4.631864186259646
CHST12,2.3720392099998882e-5,0.3989301392663014,0.378,0.227,0.47232044749517776,4.624878136325548
G6PD,2.3927948222521447e-5,0.28260150164649944,0.128,0.042,0.47645330500684707,4.621094539741764
OCIAD2,2.3943227013879023e-5,0.3684366782409474,0.496,0.338,0.4767575363003591,4.620817316758653
INPP4A,2.6532620918303647e-5,0.3495791727807146,0.255,0.129,0.5283175477252622,4.576219847864026
ABI3,2.6558401635957435e-5,0.29246351140526583,0.123,0.04,0.5288308933751844,4.575798065658375
ARHGAP9,2.6937815990437678e-5,0.3084889124512519,0.374,0.216,0.5363857920015951,4.569637618032139
SKAP1,2.7186871646846193e-5,0.36892809981748576,0.714,0.573,0.5413449882320014,4.56564076316192
ABLIM1,2.7355269876768182e-5,0.517894893845964,0.161,0.066,0.544698133786208,4.56295899627993
PPP4C,2.7505393143554324e-5,0.305715793103543,0.47,0.303,0.5476873882744537,4.5605821431571885
WDR33,2.7805320353022286e-5,0.37395419232078053,0.43,0.274,0.5536595388693798,4.555872096927725
TRIM9,2.7909499386002023e-5,-0.3573179338790011,0.035,0.111,0.5557339517740723,4.554247953401973
N4BP2L1,2.8104119647003948e-5,-0.5286693168735658,0.194,0.303,0.5596092304111426,4.551230014300468
PKM,2.837431396498681e-5,-0.37984431973881616,0.667,0.731,0.5649893396708173,4.547074630056879
JAK1,2.8445058299440484e-5,0.3742376126537983,0.707,0.591,0.5663980008584589,4.545993171789008
PPP1R16B,2.8717711719958728e-5,0.35018232237917424,0.553,0.391,0.5718270757678182,4.5418501684334744
ICAM3,2.8724426081248888e-5,0.3925190883646319,0.43,0.293,0.5719607721298279,4.541748639828073
HEG1,2.8745301440808672e-05,0.34623767622797186,0.277,0.15,0.5723764422893822,4.541433132716619
NUP153,2.8997362323178283e-5,0.3739699825030678,0.371,0.237,0.577395478579126,4.5376415048799155
NFKBIZ,2.926728008244832e-5,0.4273818655560382,0.416,0.274,0.5827700810017109,4.533617636297707
TMEM14B,3.0172945593373878e-5,0.32617283813681475,0.428,0.274,0.6008036926552607,4.520382290338654
RPLP2,3.0515463319064977e-5,-0.2922734858208793,0.927,0.934,0.6076239056092219,4.515480031724569
CD53,3.180132960443433e-5,0.45868567007069916,0.551,0.391,0.6332280750834964,4.497554721908728
CDC14A,3.227786720052205e-5,0.43234404378269575,0.416,0.28,0.642716891696795,4.491095169539979
NDUFA12,3.307420240086124e-5,0.36277138394415465,0.57,0.409,0.658573518205949,4.480510620219264
PBX4,3.340228711823852e-5,0.31127012821169586,0.506,0.332,0.6651063410983655,4.476223795199703
SEC61G,3.3567887449847616e-5,-0.3509836464576255,0.648,0.697,0.6684037749013657,4.474075989635013
ATP5MC2,3.406306580069595e-5,-0.26565045269018617,0.842,0.879,0.6782637662234577,4.467716266520073
PLCXD2,3.5138141998243006e-5,0.36071294532763176,0.161,0.066,0.6996706834690147,4.454221206450395
FBXO6,3.5340617116269534e-5,0.25836918125297925,0.069,0.011,0.703702368019159,4.451725871132295
MAFF,3.665359262056231e-5,0.3085102126227197,0.142,0.053,0.7298463362606368,4.43588345134158
HM13,3.972195442510187e-5,0.2978653715029893,0.421,0.261,0.7909435565126285,4.400969391215045
OTULINL,4.0083312758322606e-5,0.2650796642911857,0.139,0.053,0.7981389236437197,4.3970363925997615
NRG3,4.0325207315196576e-5,0.31084240918231343,0.158,0.063,0.8029555280601942,4.3944233911897275
BTG2,4.117024965672379e-5,0.3516277845471001,0.307,0.177,0.8197820111646841,4.3854164994293106
IRF4,4.1173503458806634e-5,0.41284760501178674,0.232,0.116,0.8198468008717577,4.385382177255812
FTH1,4.3981561686420355e-5,0.33468641022787704,0.969,0.95,0.8757608563000021,4.3567293538803344
PPM1B,4.480304959886122e-5,0.358356798586967,0.267,0.145,0.8921183236125246,4.348692423973245
ZFP36,4.542668279982813e-5,0.3567863781393501,0.442,0.288,0.9045361079101777,4.342688975585305
PIKFYVE,4.714719090482157e-5,-0.44462677995830824,0.187,0.298,0.938794865296807,4.326544178024814
FASLG,4.782296637813955e-5,0.3108258490005237,0.168,0.071,0.9522509065215147,4.320363488828746
OSBPL8,4.822324517992101e-5,0.2919783841493757,0.556,0.38,0.9602212580225872,4.316743567158277
LPP,4.874273206657311e-5,0.35127757026511874,0.442,0.285,0.9705652809096037,4.312090131938665
NAP1L4,4.981371071359147e-5,0.37293006720448885,0.551,0.398,0.9918906077290334,4.302651105679545
NCR3,5.254360924005152e-5,0.29456932211096093,0.168,0.071,1,4.279480098675912
STRAP,5.385034235794053e-5,0.2760874625197608,0.381,0.232,1,4.2688115312946575
C1orf56,5.417111161953194e-5,-0.4969692153374281,0.149,0.256,1,4.266232252371532
TAGLN2,5.417804878637851e-5,-0.3498829258665337,0.723,0.765,1,4.266176640066383
GNG4,5.447215876062327e-5,-0.3816718225453388,0.17,0.29,1,4.26382541306451
TMEM258,5.491668677388679e-5,-0.38701179547279363,0.605,0.675,1,4.260295672440811
MRPL52,5.750521742108473e-5,-0.3744921341802687,0.508,0.604,1,4.240292750190511
CNN2,5.791487691488895e-5,0.3051149656375215,0.234,0.121,1,4.2372098623150265
VAMP2,5.959483523454732e-5,0.2739438413802723,0.35,0.203,1,4.224791376607571
NCF4,5.9864791234099055e-5,0.3384127568538221,0.305,0.177,1,4.222828527668554
FSTL3,6.090509494410123e-5,-0.594820295329169,0.059,0.142,1,4.215346375453241
SSBP4,6.174925088239133e-5,0.3697176445879433,0.184,0.087,1,4.2093683067260645
SSH1,6.256821291648479e-5,0.272731786883627,0.248,0.129,1,4.20364624923525
CD83,6.60171398111527e-5,0.4639151101568961,0.719,0.639,1,4.18034329538198
HMHB1,6.635848159358282e-5,-0.48089357507538877,0.085,0.177,1,4.178103560005615
PDHB,6.657971653927509e-5,0.27931835074677003,0.251,0.132,1,4.176658058168398
PFDN2,6.721880423805169e-5,-0.3943007652958346,0.461,0.551,1,4.1725092175052625
XKR6,6.878462957436722e-5,0.29611401666617787,0.182,0.084,1,4.162508597183129
AURKAIP1,7.000700534045193e-5,0.28901099615526293,0.534,0.385,1,4.154858499578926
GEN1,7.179276389582068e-5,0.2539662182018579,0.095,0.026,1,4.143919326767226
CD7,7.305900665506188e-5,0.3736362795123229,0.428,0.28,1,4.136326236957911
SIPA1L1,7.73218674073307e-5,0.36959873483303696,0.738,0.631,1,4.111697665831977
NLGN4Y,7.803338428976417e-5,-0.45641828389069383,0.08,0.169,1,4.1077195574251375
MYO5A,7.880913773379689e-5,0.3410102744197002,0.317,0.182,1,4.103423424169214
WWOX,7.926505970415007e-5,0.38298619610291407,0.286,0.166,1,4.1009182089201
LTB,8.163614750599017e-5,0.5309784244060187,0.298,0.179,1,4.08811749827698
ITGA2,8.171216998040065e-5,0.34332193052180043,0.168,0.074,1,4.087713256053626
EPB41,8.355772059455686e-5,0.3136495865431016,0.187,0.087,1,4.078013415828018
MAP2K2,8.39450620988495e-5,0.3091709538191707,0.508,0.346,1,4.0760048452828554
NSMCE3,8.569825256712801e-5,0.318013201470416,0.175,0.079,1,4.067028033481597
DHRS3,8.601301229487931e-5,-0.4995619400176014,0.076,0.161,1,4.065435842472955
ARHGAP26,8.630080715270035e-5,-0.4486108662737778,0.395,0.496,1,4.063985142403857
ATP1B3,8.947423238786158e-5,0.33722048421677187,0.773,0.628,1,4.048302018795974
PREP,8.988759867302851e-5,0.29579130897846495,0.239,0.129,1,4.04630022149683
HSH2D,9.167155734120309e-5,0.25175732363659376,0.121,0.042,1,4.037765390675158
RRAD,9.441495094678439e-5,-0.32725693402760075,0.021,0.082,1,4.0249592281642554
KAT2B,9.816232312020556e-5,0.3377232277959078,0.274,0.158,1,4.008055172099029
HLA-DQB1,9.944339852500259e-5,-0.5707547194139724,0.402,0.488,1,4.002424041894226
TIAM2,9.971808879562158e-5,-0.47189939289191485,0.499,0.58,1,4.0012260538091535
MEF2C,1.0229593084504222e-4,-0.3309605819616695,0.028,0.092,1,3.990141641426569
PLEKHA1,1.038930386001524e-4,0.2627127942883557,0.097,0.029,1,3.9834135515653113
RFXANK,1.0638239158823357e-4,0.267119963909581,0.182,0.087,1,3.9731302505082216
HLA-DQA1,1.0841334344080143e-4,-0.39603717062425137,0.593,0.66,1,3.9649172618375417
DTHD1,1.0957154404342961e-4,-0.49159528540427166,0.139,0.24,1,3.9603022183836787
CAPN1,1.1146190587537446e-4,0.25400900932233084,0.142,0.058,1,3.9528735352607822
VPS37B,1.1278507849013018e-4,0.32537034992888414,0.27,0.15,1,3.9477483538815266
MAGI1,1.1392832884196578e-4,-0.6629838914242026,0.27,0.367,1,3.9433682730235393
RAB2A,1.1640908813585016e-4,0.3212584080373495,0.534,0.383,1,3.934013112700075
PXK,1.1977445991951272e-4,-0.5356764494406638,0.305,0.404,1,3.9216357787624845
GNGT2,1.2250169884893384e-4,0.25269566994907927,0.083,0.021,1,3.911857888478211
RPS27L,1.2292304321979186e-4,0.3172884483780245,0.738,0.573,1,3.9103666964045747
ANXA1,1.2299545474796559e-4,0.3631250793131797,0.825,0.697,1,3.910110937457763
COTL1,1.243663901616251e-4,0.3075868049804309,0.78,0.641,1,3.905296971249034
HLA-DMA,1.291360198064588e-4,-0.43770405397771683,0.414,0.504,1,3.8889526034244524
NUDT16L1,1.3116508433172285e-4,0.3324844500188455,0.201,0.103,1,3.8821817571870674
CLEC2B,1.3131420450172583e-4,0.3228113622019535,0.704,0.573,1,3.881688292927634
LMBR1,1.319952567269352e-4,0.29006425495172616,0.279,0.158,1,3.879441674963321
CDC42SE2,1.3287355325443902e-4,0.350682595006357,0.712,0.623,1,3.876561451101079
ENOX1,1.343793631823776e-4,-0.4225260319414004,0.071,0.156,1,3.871667421342985
TBCD,1.432595918808372e-4,0.31275940885068454,0.281,0.164,1,3.843876290397506
FBXW8,1.4461514941644022e-4,0.29386654493043557,0.144,0.061,1,3.839786209369714
GLMN,1.4882216042806133e-4,0.33951146792699616,0.298,0.179,1,3.8273323951675335
UBASH3A,1.4943635391476866e-4,0.25963186451380726,0.161,0.071,1,3.825543737299835
TMEM59,1.5337884238076667e-4,0.35265117398735013,0.553,0.398,1,3.814234544370158
TIAM1,1.5625584214333415e-4,0.36940202979528647,0.173,0.082,1,3.8061637361395295
DNM2,1.5961591194061107e-4,0.28387584246235686,0.284,0.164,1,3.7969238164718577
TMEM217,1.6233945952648414e-4,-0.3688125392358457,0.078,0.161,1,3.789575904254439
HSPA9,1.7423877913610056e-4,0.3230058066759517,0.378,0.256,1,3.7588551806112127
LRMP,1.8044942170395648e-4,-0.39013098631698406,0.168,0.272,1,3.7436445054093124
CARD16,1.8053256589562115e-4,0.26901710104429943,0.499,0.343,1,3.743444445209517
RCAN3,1.845928667160368e-4,0.3186495277512559,0.274,0.161,1,3.733785085572944
RAB5IF,1.8956267476519709e-4,0.25198908064683656,0.343,0.214,1,3.7222471719521155
CD99,1.9803025187330417e-4,0.2863502582972699,0.856,0.763,1,3.703268460152261
GPC6,2.0559123395627805e-4,0.29332561253955985,0.106,0.037,1,3.686995406824516
CYTIP,2.0822044081738803e-4,0.28250232382935847,0.487,0.338,1,3.6814766384256608
FOXP1,2.0973435494995552e-4,0.32580557775752306,0.338,0.211,1,3.67833042531364
CEP120,2.107281501094026e-4,-0.4696440631248606,0.121,0.211,1,3.6762774453099114
CDC42EP3,2.1359248618909546e-4,0.2999809440720008,0.125,0.05,1,3.670414029096712
PAXX,2.1729830338801173e-4,0.268324499375439,0.671,0.52,1,3.6629436645312974
RELL1,2.2699617827534827e-4,0.2771055301948713,0.215,0.111,1,3.643981454559738
VPS36,2.300914896358279e-4,0.2862709727857935,0.225,0.121,1,3.63809944422814
COPS8,2.4151569764804267e-4,0.29165361000490464,0.241,0.135,1,3.617054636422342
RSRP1,2.4626980255975403e-4,0.31762319403098527,0.492,0.351,1,3.608588837798267
ANXA2,2.480514219735785e-4,0.2674457384724769,0.693,0.538,1,3.605458278994623
CRYBG1,2.4837682025366026e-4,0.25321371470212073,0.222,0.116,1,3.604888937101158
ATP9A,2.583094952523324e-4,-0.3594527939812523,0.078,0.161,1,3.587859629212286
PRKD3,2.639852014325666e-4,0.25841455723841383,0.189,0.095,1,3.5784204182677244
S100A6,2.663155454551216e-4,-0.4094923063390299,0.981,0.987,1,3.5746034820464905
SRGN,2.6662746454201826e-4,0.3113312569502864,0.832,0.734,1,3.5740951171700734
NIPAL3,2.7042571952936233e-4,0.26830008038179765,0.128,0.053,1,3.567952006079167
CTDP1,2.706693302321992e-4,0.26960207299945466,0.144,0.063,1,3.5675609517120295
RPL5,2.760129763905083e-4,-0.2640855748065123,0.908,0.905,1,3.559070499665521
RASSF5,2.8218169045557905e-4,0.3247333975440597,0.246,0.142,1,3.5494711691503436
TPRG1,2.955120414463441e-4,-0.2609273884161391,0.024,0.079,1,3.5294248179057237
RASSF1,2.9604449116021507e-4,0.25489287413295125,0.27,0.158,1,3.5286430159229023
INPP5D,3.128491288737561e-4,0.3319834597926262,0.274,0.164,1,3.504665049974769
PRKCQ,3.227984056180226e-4,0.29888633142535737,0.241,0.135,1,3.4910686190336255
RPL22L1,3.2512295720205515e-4,-0.5305381379523064,0.518,0.562,1,3.487952363527058
AIF1,3.269636012438807e-4,-0.38286096434492534,0.073,0.15,1,3.4855005918619995
PARP4,3.2739969959771215e-4,0.29323930780556784,0.267,0.158,1,3.4849217234064103
VDAC1,3.2985816885488465e-4,-0.4054924628341763,0.525,0.578,1,3.4816727562563474
PPP2R1A,3.5588146903707237e-4,0.2638631281918448,0.187,0.095,1,3.448694625383256
ZBP1,3.5921765119134537e-4,0.28024401193422377,0.095,0.032,1,3.4446423311732848
DGKD,3.641021494206025e-4,0.2696788535972547,0.147,0.066,1,3.4387767572683314
CSNK1G3,3.752342714571645e-4,-0.4737492944409749,0.27,0.367,1,3.4256975028489083
KIR2DL4,3.7600351067493216e-4,0.2598707428294348,0.097,0.034,1,3.4248081001265063
GTDC1,3.7897594284830224e-4,0.2705123049497251,0.47,0.33,1,3.4213883578942976
ITFG1,3.818110703737726e-4,0.2573114558341999,0.303,0.187,1,3.4181514836622533
FOXO1,4.0189420769855207e-4,0.2545026415403955,0.452,0.317,1,3.3958882530333545
LRIG1,4.059521132727432e-4,0.353540606193547,0.265,0.158,1,3.391525193437523
ARAP2,4.3091690271863817e-4,-0.38967576890181155,0.456,0.546,1,3.365606470373314
NTRK2,4.396238284630737e-4,-0.4707701560656622,0.206,0.306,1,3.356918776008411
WDR1,4.40824011689795e-4,0.2635301090574047,0.338,0.219,1,3.3557347574857554
ATP8A1,4.491616044217201e-4,0.3010923977217903,0.397,0.269,1,3.3475973755193693
SLFN5,4.514163148100017e-4,0.25930316160560773,0.286,0.172,1,3.3454227489713344
NINJ1,4.534685139091063e-4,-0.3702788967130064,0.319,0.427,1,3.34345286231998
GBF1,4.5685174520597823e-4,0.2922249776343504,0.404,0.274,1,3.3402247117134056
USP1,4.7366237572139e-4,0.2700436226122258,0.227,0.132,1,3.324531111082756
ACP5,4.981350568850369e-4,0.25222149005860883,0.118,0.047,1,3.3026528931682955
LONRF2,5.082557301098775e-4,-0.27727051227766997,0.035,0.095,1,3.2939177163966185
CD80,5.613189617393053e-4,-0.3671659091637456,0.163,0.251,1,3.2507902867672254
FXYD2,5.751594117521107e-4,-0.29728625435177797,0.026,0.079,1,3.2402117691377605
MTSS1,5.835826980409955e-4,-0.28012248717724963,0.553,0.662,1,3.233897592475484
ATF6B,5.918853230221142e-4,0.2687319021429178,0.144,0.069,1,3.2277624290930826
RNF213,5.939051199582551e-4,0.2619319587315516,0.416,0.28,1,3.2262829307256164
RAC2,5.955818302819533e-4,0.3373797369204792,0.688,0.612,1,3.2250585599605794
OSTF1,5.991696023038375e-4,0.27852716968255975,0.485,0.351,1,3.222450227829581
TBC1D1,6.0890174203883e-4,0.26327565580651346,0.161,0.079,1,3.2154527834479096
KLRB1,6.130984609578542e-4,0.33899205133260846,0.189,0.1,1,3.212469774067433
TRAPPC10,6.160468866661442e-4,0.2843794127524488,0.407,0.282,1,3.210386232891625
NDUFB1,6.226212183270813e-4,-0.3627033403279596,0.551,0.591,1,3.2057760830666973
DRAP1,6.255722726839155e-4,0.3063279345063541,0.638,0.515,1,3.203722508808878
METRNL,6.267777783107375e-4,0.27075631230808583,0.57,0.438,1,3.2028864093446434
PDLIM4,0.00065178084337398775,-0.4762309125983475,0.217,0.309,1,3.1858984081225308
SDHA,6.542490171473795e-4,0.3014541529331891,0.199,0.111,1,3.1842569211111464
SH2D1A,6.704431340886409e-4,-0.4058953962099854,0.322,0.404,1,3.1736380524117007
CTNNA1,6.86834821637535e-4,0.27386313267591045,0.239,0.137,1,3.163147694784168
HAGH,6.873891456916964e-4,0.26955465111237786,0.253,0.156,1,3.1627973299285275
TMX4,6.924490108344838e-4,-0.4629909432993775,0.319,0.409,1,3.1596122007884375
TSPAN14,7.166916886263978e-4,0.2971134632425372,0.267,0.169,1,3.14466763195382
NLRP1,7.261907968640762e-4,0.2550570082189769,0.154,0.077,1,3.1389492592739585
NASP,7.376357529968715e-4,0.25806291224069855,0.558,0.417,1,3.1321580413132337
CCL4L2,7.445969833516308e-4,1.332847792703328,0.229,0.14,1,3.1280787276078152
PRR5L,7.563141791373909e-4,0.2650917406872324,0.3,0.187,1,3.121297757512918
BAX,7.692660680966681e-4,0.36098108340528845,0.522,0.398,1,3.1139234236306015
LDLRAD4,7.786035788493989e-4,0.26511943195249765,0.842,0.752,1,3.108683604379771
RPN2,7.815959991536984e-4,0.2568605698088149,0.293,0.19,1,3.107017672357245
MINOS1,8.066931398468214e-4,0.3171666433121769,0.489,0.361,1,3.0932916363002967
HDAC9,8.098414160043131e-4,-0.44659813403651527,0.213,0.301,1,3.091600016796799
SPATA5,8.15995055188538e-4,-0.4516474122819746,0.191,0.28,1,3.088312472999618
STK10,8.259994441382931e-4,0.2651553577808009,0.322,0.208,1,3.0830202449408204
JAML,9.275785429219564e-4,-0.30477343317936434,0.165,0.259,1,3.032649306172874
SET,9.424400560412996e-4,-0.27142481803823726,0.591,0.657,1,3.025746263571395
SELENOK,9.53337794062787e-4,0.2556136788557992,0.636,0.493,1,3.020753189493779
CTLA4,9.600768019718131e-4,0.29584381454514874,0.44,0.309,1,3.0176940238995904
COMMD8,9.681334082652541e-4,0.26201766335940235,0.277,0.172,1,3.01406479302083
MT-ATP8,9.692217910377432e-4,0.2635989113905415,0.548,0.406,1,3.0135768301710777
NUP98,9.91785705321776e-4,0.325704529011426,0.371,0.259,1,3.0035821555171935
RASSF4,9.943704558423552e-4,-0.2686946261324863,0.052,0.113,1,3.0024517876802164
DUSP16,0.001001264710717714,0.26096150120112305,0.421,0.293,1,2.9994510901470615
RAB9A,0.0010150411917772635,-0.33548541149134437,0.165,0.253,1,2.9935163331216326
MACF1,0.0010349054419295897,0.27888526457077756,0.657,0.554,1,2.9850993293608985
RASGRF2,0.0010591431110622785,0.26034021942375063,0.165,0.084,1,2.9750453542027553
HDAC4,0.0011093049802497754,0.26123516365522403,0.255,0.156,1,2.954949037231772
AGO2,0.0011217536731859042,0.2630210941210902,0.452,0.327,1,2.9501024996939234
ETV1,0.0011731995711050315,-0.40417653415222066,0.092,0.166,1,2.9306281044596
PHTF2,0.0012016500610044784,0.2616844575528732,0.258,0.158,1,2.920221987159876
PANK2,0.001219651442271433,0.2601249316886649,0.267,0.166,1,2.913764266314312
EIF4G2,0.0012430999316616121,-0.38528720458946353,0.532,0.594,1,2.905493957420523
CAMK1D,0.0012515258956890638,-0.4568467046224589,0.184,0.266,1,2.9025601598483957
FGGY,0.0012558561428585226,-0.35911742179319883,0.234,0.33,1,2.9010601057746936
FSCN1,0.001269030922696888,-0.2783320551479167,0.035,0.09,1,2.896527795247295
SOD1,0.001357271084385678,-0.25964035412223696,0.835,0.818,1,2.8673334031176823
EEF1B2,0.0013711588212476633,-0.2587861241611846,0.809,0.813,1,2.862912237991947
TNFRSF9,0.0014379187430527463,-0.27633995781804765,0.586,0.628,1,2.8422656552889465
S100PBP,0.0014426861769125515,0.27216206533074816,0.265,0.169,1,2.8408281293761166
KCNQ3,0.0014903542350928611,-0.27674398385897064,0.076,0.145,1,2.826710493962454
ITGA4,0.0014939157910697804,-0.2713393889357274,0.631,0.681,1,2.8256738821085925
ISG15,0.0015029357879756595,0.5780332767910119,0.381,0.266,1,2.823059573986319
DIXDC1,0.0015116272038866597,-0.30297079468587074,0.076,0.142,1,2.820555300936319
GPR65,0.0015370423036248262,0.2614766568510155,0.27,0.172,1,2.8133141793590726
NAA60,0.0016103855393168989,-0.2944180684635904,0.043,0.098,1,2.793070137910182
UBASH3B,0.0016661322241468036,0.28980973392665843,0.258,0.164,1,2.7782905359792434
MYO9B,0.0016723426856010942,0.27481408272387575,0.288,0.185,1,2.776674724973399
MED31,0.0016955958880982545,-0.40991206527943813,0.199,0.274,1,2.7706776452875883
PGAP1,0.0017380818416637535,-0.32645649424100587,0.135,0.211,1,2.759929777630665
SUN2,0.0017430388137675795,0.2511071202700036,0.26,0.164,1,2.7586929419678037
ENO1,0.0017736266355847065,0.26516052477942154,0.709,0.573,1,2.7511377977912903
AL365273.2,0.0017870264883013028,0.26717863757044746,0.201,0.116,1,2.747869010092099
CSGALNACT1,0.001795962113540569,-0.4967406413123088,0.255,0.332,1,2.7457028291686134
USP12,0.0018030767190344104,-0.39059110121252516,0.26,0.335,1,2.743985794107074
ATF2,0.0018158235009242245,-0.31284455477549655,0.184,0.272,1,2.740926367433814
MEF2A,0.001880842108473853,-0.3747178090321488,0.459,0.525,1,2.7256476607476836
YPEL5,0.0018889088957336232,0.28698194320417136,0.53,0.401,1,2.723788988099505
TKT,0.0019404522444969419,0.3033094078897457,0.34,0.243,1,2.712097040997487
FBN1,0.001965180820028727,-0.2707512669281851,0.019,0.061,1,2.7065974831879056
NLRC3,0.002012795016160339,0.25804105918112175,0.208,0.124,1,2.696200451580981
ATF7IP,0.002024384017644188,0.2734160398324723,0.489,0.367,1,2.6937071000711814
OGDH,0.002029780711491461,0.27345382769608917,0.402,0.293,1,2.6925508788027694
ZFYVE28,0.0020345796824966463,0.2795457807170242,0.31,0.206,1,2.6915252967220065
NCL,0.0020715193195177807,-0.3215706419304878,0.626,0.652,1,2.6837110120056393
PTP4A1,0.002115060578749194,0.26244252314437344,0.208,0.124,1,2.6746771892157826
RPL23,0.0021281729137642893,-0.33592695068563794,0.657,0.675,1,2.6719930885749013
DENND4A,0.002157119825107543,-0.33473121586096743,0.504,0.575,1,2.666125729752525
REL,0.0021715790046754908,-0.5205603114258102,0.645,0.633,1,2.6632243658548447
KPNA2,0.0022018420433625343,-0.3306795762403134,0.288,0.367,1,2.657213839840465
ACOX3,0.002214354829456911,-0.3534015944243657,0.054,0.111,1,2.6547527862902136
SMS,0.00223787311091432,-0.4174816716285077,0.449,0.496,1,2.650164541932783
CCDC28B,0.002316486314646408,-0.3967098551237591,0.255,0.335,1,2.6351702611811385
N4BP1,0.0024320559717001325,0.2629971282404686,0.418,0.296,1,2.614026434366082
OTUD5,0.002533740167317948,0.2847672644959452,0.132,0.069,1,2.596237923661675
DMTF1,0.002542572760262417,0.29525275419748376,0.281,0.185,1,2.5947266101148228
VOPP1,0.0025695248453449244,-0.3142247732846588,0.284,0.369,1,2.590147178662196
B4GALT5,0.0025865540023793598,0.306913821170236,0.277,0.182,1,2.587278449908857
CCDC97,0.002596838583544525,-0.3419301786809789,0.097,0.164,1,2.5855550447698477
TOX,0.0026165683385303896,-0.2680324859015175,0.752,0.794,1,2.582267918039136
VWDE,0.002649855034651681,-0.27254204066957877,0.028,0.074,1,2.5767778843171243
HLA-DRB5,0.002654867709055559,-0.3464185684359644,0.556,0.575,1,2.575957114755238
RPA3,0.0026558442135569092,-0.3705881166741083,0.494,0.525,1,2.575797403391696
KRT81,0.002658578929870699,0.3432519828709021,0.073,0.026,1,2.5753504415004707
MSI2,0.0026778873697569563,-0.45372870852175784,0.539,0.562,1,2.5722076930901396
HIVEP3,0.0027050192101087194,0.2753335736570428,0.392,0.285,1,2.5678296463376005
ULK4,0.002740158893029784,0.25053681120886684,0.165,0.092,1,2.562224253104692
PLCB1,0.003005761374067837,-0.3036870845866333,0.024,0.066,1,2.5220455008080567
NAPSA,0.003064374859577406,-0.2529111066806002,0.019,0.058,1,2.5136581093109527
PIP5K1B,0.003158231065796303,0.3523604346922826,0.385,0.282,1,2.5005560988593194
IVNS1ABP,0.003192209283688752,0.2642922330031394,0.442,0.327,1,2.495908643708627
ACAP1,0.0031934246306325503,0.287846386230626,0.402,0.298,1,2.495743329353077
AP3S1,0.003326541163169539,-0.3560900888748051,0.18,0.253,1,2.478007098153064
EIF5B,0.0033514801499657508,-0.36536854240717087,0.291,0.361,1,2.474763348487432
MSN,0.0034334374611354685,0.2714853006504483,0.667,0.58,1,2.464270858720082
GALNT2,0.0034418145416720215,0.27513647423141685,0.532,0.414,1,2.463212534850534
GSTP1,0.003506993048697727,0.263944040234831,0.783,0.675,1,2.4550650949440493
PUS7,0.003520595595575958,-0.286773333714741,0.043,0.092,1,2.45338385868347
TBC1D4,0.003579602826115348,-0.3684959843751532,0.385,0.454,1,2.4461651577123886
MAP3K8,0.003617630501415898,0.2523111139310714,0.456,0.346,1,2.441575793305667
ARHGAP10,0.003714274091371237,-0.39588564685260497,0.173,0.245,1,2.4301260510599247
MDFIC,0.0037493348661997313,-0.33074876432648637,0.487,0.549,1,2.426045769488273
MAP1LC3A,0.003837577304192343,-0.45780982772311907,0.142,0.208,1,2.4159428629946227
GADD45B,0.003949822313470967,-0.48468327607309547,0.279,0.361,1,2.403422441086144
TMCO1,0.0041955621206579245,0.25974418025811974,0.359,0.261,1,2.377209844240478
SEC14L1,0.00431134476470389,0.2866119754157075,0.577,0.483,1,2.3653872465913452
RFX3,0.004372180343910579,-0.3149506374467106,0.35,0.427,1,2.3593019325526496
ITGBL1,0.0044193011777633375,-0.4941649934779817,0.116,0.179,1,2.3546464000254983
RBX1,0.00443131730128451,-0.252265319065458,0.761,0.76,1,2.353467151511328
CCL3,0.004534426050652328,0.9041265370815506,0.437,0.343,1,2.343477676367783
CNIH1,0.004814819445570394,-0.44383645046517284,0.236,0.301,1,2.3174199941599434
SPRR2D,0.004847181559957289,-0.34994900366616427,0.047,0.098,1,2.314510712686809
NAMPT,0.004853112268705595,-0.3526552335349147,0.572,0.596,1,2.3139796618857527
TNRC6A,0.0048578052375646595,-0.4215023455670307,0.182,0.251,1,2.3135599012119363
BIRC3,0.004879057728911763,-0.37100900946389714,0.634,0.67,1,2.3116640432938613
RDH10,0.005026630569041744,-0.3380389401851092,0.054,0.106,1,2.298723031963547
C1orf35,0.00505858134735458,-0.33633146306720596,0.154,0.219,1,2.29597126169783
PAGE1,0.005276664305059478,-0.25114710487518543,0.04,0.087,1,2.277640534228728
PRDX6,0.00529492799273917,0.25572042051202226,0.624,0.507,1,2.2761399416129033
MYH9,0.005549895634552474,0.2527177618378138,0.556,0.454,1,2.2557151836816716
SDC4,0.005833956683932286,-0.315777817694384,0.109,0.172,1,2.234036799759885
STARD4,0.005864396626430865,-0.402746590655035,0.102,0.161,1,2.2317766647575845
PRMT9,0.005897285405251735,0.2657862091089567,0.189,0.119,1,2.229347853581097
PDGFA,0.006028795719978109,-0.2983573260265218,0.092,0.153,1,2.2197694315417316
TRAF3,0.006128713464624701,0.27881393195506043,0.44,0.34,1,2.2126306827172817
KHDRBS1,0.006163837596683988,-0.3236491092204705,0.4,0.459,1,2.2101488124898196
ANKRD10,0.006164763003678507,-0.34686497316476195,0.421,0.478,1,2.210083614635656
MAPRE2,0.006196251857176424,0.2531117310674418,0.435,0.322,1,2.2078709379175208
DOCK10,0.00643528728630835,0.27966692990582276,0.508,0.401,1,2.1914320604031907
CDC20,0.006441699634695577,-0.4483623529942916,0.149,0.211,1,2.190999529444219
KPNA1,0.0065010855157001685,-0.31614973099998345,0.284,0.346,1,2.1870141211851877
EIF1AX,0.006580849520298752,-0.30631663020694955,0.31,0.38,1,2.181718039795821
VCL,0.006665723385145054,-0.3768574048315173,0.173,0.24,1,2.176152712697348
HNRNPDL,0.00676733451618823,-0.29112509108911566,0.596,0.596,1,2.1695823553705336
IRF7,0.00688024746032289,0.2575585153224976,0.191,0.121,1,2.1623959413109985
SQLE,0.007010765467508106,-0.299992464315636,0.473,0.541,1,2.154234561182326
YWHAE,0.007076651963792907,-0.3135638531626552,0.589,0.596,1,2.150172162868818
RASSF2,0.007093003268458123,-0.2992828672411249,0.09,0.148,1,2.14916984002839
SFI1,0.007580343989124618,-0.41976803545443275,0.239,0.301,1,2.1203110860316725
GRSF1,0.007647682247580949,-0.3712929780896064,0.194,0.256,1,2.1164701647943254
NAB1,0.008073215840113288,-0.26226890057163876,0.135,0.201,1,2.0929534363538056
MAMLD1,0.008076198947946806,-0.2678808013317496,0.066,0.119,1,2.092792991247558
NTRK1,0.008146254508417489,-0.2692299876982719,0.045,0.09,1,2.089042025642771
ABHD6,0.008382924555657683,-0.34249917622242304,0.125,0.185,1,2.076604442371523
SCX,0.008405830832407962,0.2970143578133843,0.066,0.026,1,2.0754193544318205
CAMK4,0.008434600785015666,0.26499226547124155,0.565,0.454,1,2.0739354680206463
PAM,0.00857801648542871,-0.2642306443934701,0.645,0.694,1,2.066613123459053
CCR7,0.008697193049782634,-0.3453762352554099,0.099,0.158,1,2.0606208898741927
PLEKHA7,0.00891856342326879,-0.37520940778777234,0.163,0.224,1,2.0497050949055247
AP1S2,0.00891903644729783,-0.33976196256178726,0.189,0.251,1,2.0496820613441535
MRPL57,0.009441138084845728,-0.2952542701580023,0.4,0.451,1,2.024975650386609
TMEM178B,0.00944390315116658,-0.3161349986761923,0.168,0.237,1,2.0248484753342684
SLC4A7,0.009483901519455579,-0.29484141721032064,0.416,0.475,1,2.0230129643711035
CD226,0.009654302660838075,0.26944105082168623,0.225,0.15,1,2.0152790902416413
AKAP5,0.010577109648279159,0.26774406165963766,0.182,0.119,1,1.9756329934820434
STAT5A,0.010855329838541655,-0.3166084253628043,0.307,0.364,1,1.9643569759974688
SIK3,0.012252953792137884,-0.3272906227602239,0.79,0.776,1,1.9117592042797753
ZNF331,0.012669887356053459,0.2554403629795814,0.52,0.438,1,1.8972272462737703
RNMT,0.013081860278744292,-0.3107308069373973,0.331,0.391,1,1.8833304936763364
KCNQ5,0.01313212345145374,-0.2951268973721235,0.546,0.586,1,1.8816650432414233
GBE1,0.013334270328634478,-0.47769085150129775,0.203,0.261,1,1.8750307445723728
ATP2B1,0.013401283950370562,-0.4393799913567993,0.463,0.507,1,1.8728535907509951
PPP2R5A,0.014687726892848548,0.2733459149652847,0.288,0.214,1,1.8330454114445456
CFLAR,0.015254501624627385,-0.3019978267605208,0.4,0.443,1,1.8166019764981298
ANKRD36C,0.015266291581922213,-0.37300625792918285,0.303,0.351,1,1.8162664469714196
ANKLE2,0.015280694310141079,-0.28223428077792323,0.154,0.211,1,1.815856912238571
HIGD2A,0.015313702925388447,-0.2652347499939446,0.248,0.311,1,1.8149197821549659
LHFPL6,0.015418936968570314,-0.45275855702815637,0.168,0.224,1,1.8119455669204771
HIST1H1B,0.015429793113251275,0.3770954562915574,0.161,0.106,1,1.8116398970331389
CCDC138,0.015460676105509058,0.31812511225783635,0.267,0.193,1,1.8107715180198036
CEP135,0.015560350022285365,-0.3645429412037785,0.165,0.222,1,1.8079806379994572
RPL17,0.016132730966945792,-0.3111490619406767,0.298,0.351,1,1.7922921085266164
METTL14,0.016950202188980912,-0.2686534571451314,0.059,0.103,1,1.770825116986858
TBCB,0.017097024460339047,0.2575399736889121,0.4,0.317,1,1.7670794669704437
SETBP1,0.01711735954571362,-0.2559285123764565,0.121,0.177,1,1.7665632269933904
CAST,0.01711922816452244,-0.28254540066450073,0.494,0.533,1,1.7665158197666464
ANP32E,0.017813583434040926,-0.3688833255201478,0.364,0.409,1,1.7492487077636962
ZRANB1,0.018289085489921593,-0.2756535818769745,0.092,0.142,1,1.7378080100298874
CSDE1,0.019184790622457384,-0.2975242572526082,0.374,0.417,1,1.7170429362106527
ATP6V0B,0.019300162850331246,-0.27445286144878733,0.475,0.507,1,1.714439026499902
NCOA7,0.0193313030169614,-0.36513213844876846,0.229,0.282,1,1.7137388715791106
ATP2B4,0.01971427465380297,-0.3103898383167465,0.348,0.393,1,1.7052191972692217
HMGB2,0.02015137967443115,0.30144836871894,0.662,0.602,1,1.6956952143129436
ATOX1,0.020988795731197836,-0.4133511368164484,0.53,0.551,1,1.6780124791069493
RPP38,0.021141167999391298,-0.2618405758068212,0.073,0.119,1,1.6748710226256638
GRK5,0.02125956630942812,-0.3532854157486853,0.203,0.256,1,1.67244559923621
ACOXL,0.02157184226658122,-0.30325380795089896,0.071,0.116,1,1.6661127639356939
FAM122C,0.02175425449371664,-0.31383454964571883,0.109,0.158,1,1.6624557951482222
GABARAP,0.022047815488909432,-0.2866840609280172,0.113,0.164,1,1.6566344342283728
S100A13,0.022303219327002674,-0.3660745022498667,0.215,0.272,1,1.651632444797496
SLC4A2,0.022579421059335657,-0.27298734684484766,0.092,0.14,1,1.6462871976616804
KMT2E,0.02444145902093426,-0.28016021766604204,0.598,0.609,1,1.6118728726591152
MRPL4,0.02475690673447133,-0.2785779798328055,0.236,0.288,1,1.6063036194286506
CCL3L1,0.024829615325652494,0.4674823360363149,0.066,0.032,1,1.605030008727375
EPS15,0.026006929845486356,-0.3195868468654637,0.416,0.464,1,1.5849109138503694
ABHD2,0.02605264407033786,-0.31178347392069083,0.225,0.274,1,1.5841481937892146
DUSP1,0.027003792929108338,0.2850605239543269,0.31,0.24,1,1.5685752309339362
MFAP1,0.028787005486620096,-0.2739765824787651,0.137,0.19,1,1.540803509428121
LRCH1,0.029025592423197247,-0.4082437850399214,0.26,0.301,1,1.5372189073861209
GRAMD1A,0.02945500919205563,-0.29414165385064805,0.225,0.277,1,1.530840837397232
SREK1,0.029638064816343155,-0.2795813293542334,0.222,0.277,1,1.5281501565301188
MBNL2,0.029680928584387194,-0.3803338785605317,0.444,0.47,1,1.5275225160356363
RPL31,0.030329289371560403,-0.26058149872886127,0.482,0.507,1,1.518137765278705
RANBP1,0.032436688428903244,-0.32375255659355107,0.605,0.615,1,1.4889634907884541
NBL1,0.0343395154449029,-0.30614257064838557,0.345,0.383,1,1.4642058373372913
MRPL13,0.03617833513323338,-0.2633165153240846,0.255,0.301,1,1.4415514225255748
EBI3,0.03718155068565593,-0.25082505527877497,0.111,0.156,1,1.429672501595323
CPEB2,0.03741024454575339,-0.3327735784691124,0.206,0.251,1,1.4270094528677093
FBXL3,0.037703933842407604,-0.2554192633194997,0.111,0.156,1,1.423613335286998
C15orf48,0.03815565226745598,-0.504381370551218,0.052,0.087,1,1.4184411178208245
NCK2,0.03817168846390171,-0.2539508153301029,0.217,0.269,1,1.4182586293006472
MYCBP2,0.03838623093224253,-0.2611896166071819,0.544,0.573,1,1.4158245283016526
ANKRD33B,0.0384112047187499,-0.25087172061061086,0.097,0.14,1,1.4155420715252574
AIDA,0.038819780118230875,-0.25309996931345013,0.085,0.127,1,1.4109469288577396
SMIM30,0.03952061820897093,-0.27090361738959295,0.057,0.092,1,1.4031762704952189
CCL4,0.03994601625992678,0.8116847429184597,0.612,0.596,1,1.3985265255514634
ESD,0.04184858583176913,-0.2920449570156193,0.203,0.248,1,1.3783192133179405
STT3B,0.04241858750841852,-0.26683917895362286,0.374,0.412,1,1.3724437970998165
ABHD17B,0.04256242918660847,-0.26705552789588205,0.158,0.206,1,1.370973593301513
AKT3,0.04289962588227252,-0.33677100794309234,0.515,0.533,1,1.3675464951806158
PQLC1,0.046271844721477356,-0.2629856811127287,0.22,0.272,1,1.3346831861195483
HIST1H4C,0.048829616605009514,0.38943134318985084,0.39,0.319,1,1.3113166856479352
BIRC2,0.05063730060331494,-0.2820039857340346,0.317,0.354,1,1.295529453945122
LST1,0.05069615612381176,-0.29330951979822617,0.158,0.203,1,1.2950249684280761
SEL1L,0.05265043612693889,-0.3030608810897837,0.118,0.158,1,1.2785980270095774
TAGAP,0.053673990727918126,-0.4314431805822321,0.243,0.285,1,1.2702361131780093
SEMA4A,0.05468301450931124,-0.27534863551251026,0.118,0.161,1,1.262147552102146
C9orf3,0.05971498448254606,-0.33074138095216354,0.135,0.177,1,1.2239166762153744
ZNF827,0.06077146085805832,-0.2592039792762439,0.09,0.127,1,1.2163003237157415
SMAP2,0.0618013185371954,-0.2725451133942509,0.336,0.369,1,1.2090022590969527
CD46,0.0620311966396643,-0.30751812274753987,0.303,0.34,1,1.2073898408084285
GLS,0.06279331145330116,-0.25108309252468874,0.615,0.636,1,1.2020866134860968
ELOVL1,0.06634627295930798,-0.3257925609092626,0.142,0.179,1,1.1781834688608774
GPR174,0.06918285265232495,-0.3484929607624794,0.265,0.296,1,1.160001534463588
SLC17A5,0.06945684595216337,-0.28629729135417464,0.109,0.148,1,1.1582849419678385
SYNCRIP,0.06994215856061059,-0.2671228112658961,0.322,0.354,1,1.155260968588169
CPEB4,0.07239452752058587,-0.3774822894130708,0.156,0.198,1,1.1402942619442713
BRI3,0.0729380019574111,-0.25866052369360015,0.338,0.361,1,1.1370461377970682
OPA1,0.07394211248827967,-0.3010577208079268,0.345,0.367,1,1.131108146014773
ZEB1,0.07407383669454265,-0.25745251263593527,0.409,0.443,1,1.1303351602476144
KDM6B,0.07689474740432792,-0.30301779505693793,0.274,0.303,1,1.114103325364063
NCBP2,0.0784303742180963,-0.2993649300041702,0.125,0.161,1,1.1055157128176982
C6orf62,0.08045005252458008,-0.3002665825520957,0.279,0.322,1,1.0944736680207894
CYLD,0.08126494678492216,-0.2985833925815917,0.383,0.398,1,1.0900967446972065
LRRC28,0.08172367811825644,-0.29075216068346177,0.324,0.359,1,1.087652095410669
HNRNPLL,0.08591208636298785,-0.3371455620967896,0.388,0.406,1,1.0659457340557263
RPS20,0.08684147014725202,-0.2600582847283621,0.452,0.472,1,1.0612728329440722
GCNT1,0.08753875456869206,-0.26163163042756576,0.262,0.296,1,1.0577996364731017
RAMP1,0.10039211832998918,-0.2968405396822382,0.199,0.237,1,0.9983003818140764
EHBP1L1,0.10172861580918097,-0.38722219744722935,0.151,0.182,1,0.9925568647770414
CXCL14,0.10675931357839398,-0.5002490199715396,0.017,0.034,1,0.9715942272231785
CHMP4B,0.12566113154795122,-0.2597198363362978,0.208,0.24,1,0.9007990338862053
TLE4,0.13343179443244413,-0.2724557526103534,0.206,0.24,1,0.8747406734081001
EZH2,0.13388457703187553,-0.2590067203095736,0.485,0.499,1,0.8732694490950408
MT1E,0.13625821832040505,-0.2770189004483793,0.154,0.187,1,0.8656372940893807
BIRC6,0.13876508503216317,-0.2530479532958885,0.565,0.554,1,0.857719793862084
HNRNPA0,0.1443645978358496,-0.28092816138705257,0.272,0.293,1,0.8405392946442581
IFI27,0.147470637368718,-0.33536024096826167,0.165,0.198,1,0.8312944427242807
NMT1,0.1503514615930073,-0.2558514723752555,0.215,0.243,1,0.8228923456898851
OTULIN,0.15040230072725647,-0.27504465110986653,0.456,0.454,1,0.8227455202237023
EP300,0.15359364906169748,-0.2544164338534941,0.298,0.317,1,0.8136267415602542
CD69,0.158094055535627,0.2843611208488137,0.577,0.507,1,0.8010844595846188
NEU1,0.16327003626500414,-0.2767519257524139,0.137,0.166,1,0.7870935107856233
EXOC5,0.167239507806453,-0.2760389765157846,0.149,0.172,1,0.7766611192683345
RAPGEF2,0.19596681591974563,-0.27113020741888105,0.35,0.361,1,0.7078174637612462
AKAP11,0.19751301627536488,-0.28375583115355907,0.239,0.259,1,0.7044042787195641
FN1,0.1991519314022015,-0.3605936733995909,0.012,0.024,1,0.7008154773879646
PRKAG2,0.1996867064496799,-0.2548799151030219,0.208,0.235,1,0.6996508460342316
COL1A1,0.21136407736352933,-0.5269122572455933,0.014,0.026,1,0.6749688217989953
NMB,0.23815937962408165,-0.4349580689559176,0.073,0.095,1,0.6231323096436164
HSPA1A,0.2412550510976946,0.29127562556111486,0.113,0.087,1,0.617523585172182
ELMO1,0.24565058131859988,-0.257984774317497,0.537,0.528,1,0.6096822037939206
DST,0.26273579616961107,-0.30746766833141864,0.113,0.135,1,0.5804807531756447
PLAGL1,0.2895117655576269,-0.27402872639305886,0.161,0.177,1,0.538333782150967
MIA,0.289631752153064,-0.2557532754436508,0.243,0.269,1,0.538153828424636
APOD,0.3447021880255814,-0.3049506018505205,0.234,0.245,1,0.46255595986324366
ARPC5L,0.36187756018009276,-0.2535416181570904,0.348,0.338,1,0.44143834640854696
ANK3,0.4398005306436406,-0.2803631468655716,0.199,0.206,1,0.35674425097462376
COL3A1,0.45172569241308513,-0.6941063501372151,0.017,0.024,1,0.34512520774299016
COL1A2,0.4566905477445689,-0.5077786954735536,0.019,0.026,1,0.34037797701760375
GRASP,0.5850620887549418,-0.2508153742936837,0.109,0.116,1,0.23279804268224508
EGR1,0.6623458145744019,-0.25099420423429686,0.099,0.106,1,0.17891520368979072
CGA,0.813797892761124,-0.5106694989813143,0.017,0.018,1,0.08948343903839925
HIST3H2A,0.8186932199874426,-0.32268568319023816,0.123,0.124,1,0.08687880620777023
TIMP1,0.8614708466527472,-0.28380919234280877,0.366,0.338,1,0.06475941508429114
